{
  "status": 0,
  "message": [
    {
      "user_name": "匿名用户",
      "add_time": "2019-04-07T06:12:14.000Z",
      "content": "hjkk"
    },
    {
      "user_name": "匿名用户",
      "add_time": "2019-04-06T15:08:40.000Z",
      "content": "aaa"
    },
    {
      "user_name": "匿名用户",
      "add_time": "2019-04-06T15:08:38.000Z",
      "content": "asdf"
    },
    {
      "user_name": "匿名用户",
      "add_time": "2019-04-06T15:08:37.000Z",
      "content": "asdf"
    },
    {
      "user_name": "匿名用户",
      "add_time": "2019-04-06T15:08:35.000Z",
      "content": "asdf"
    },
    {
      "user_name": "匿名用户",
      "add_time": "2019-04-06T13:38:23.000Z",
      "content": "连上手机了"
    },
    {
      "user_name": "匿名用户",
      "add_time": "2019-04-06T12:29:28.000Z",
      "content": "哈哈"
    },
    {
      "user_name": "匿名用户",
      "add_time": "2019-04-06T12:28:00.000Z",
      "content": "wefwef2323"
    },
    {
      "user_name": "匿名用户",
      "add_time": "2019-04-06T12:26:59.000Z",
      "content": "wefwefwefw"
    },
    {
      "user_name": "匿名用户",
      "add_time": "2019-04-06T12:26:46.000Z",
      "content": "wefwef"
    }
  ]
}